y_true,y_pred,abs_error,abs_error_percetage,nll,v,alpha,beta,abs_error_percentage
0.18,-50.62395,50.80395095825195,50.80395095825195,2.1649723,0.008035916,1.0006,0.0021128622,28224.417199028863
0.18,-33.078663,33.25866287231445,33.25866287231445,1.4796956,0.019588681,1.0022827,0.0039275815,18477.034929063586
-0.68,-9.449761,8.769761390686035,8.769761390686035,0.1268669,0.030657468,1.0255171,0.00045477904,1289.6707927479463
10.0,-29.169323,39.1693229675293,39.1693229675293,2.5523167,0.018316586,1.0052493,0.0010964035,391.69322967529297
2.48,-4.1533327,6.633332710266114,6.633332710266114,4.3989897,0.010250176,1.3635216,1.4919418e-06,267.47309315589166
2.48,-4.051137,6.53113697052002,6.53113697052002,3.0845952,0.012024482,1.1824201,2.8765633e-06,263.3522971983879
12.0,-18.756416,30.75641632080078,30.75641632080078,4.3074284,0.026954463,1.0788128,0.00014002691,256.30346934000653
-5.0,3.7963855,8.796385526657104,8.796385526657104,3.3632505,0.009218395,1.0656457,2.8430122e-06,175.9277105331421
-21.0,15.207961,36.207961082458496,36.207961082458496,1.6242204,0.0040219994,1.0000091,0.00082540675,172.4188622974214
-21.0,13.700923,34.70092296600342,34.70092296600342,1.4437385,0.003666904,1.0000061,0.0010628499,165.242490314302
-2.0,0.5765522,2.5765522122383118,2.5765522122383118,-0.977564,0.023619752,1.0108985,0.00029031938,128.8276106119156
-52.0,12.1976,64.19760036468506,64.19760036468506,9.786539,0.0057335855,1.0571698,1.3500958e-06,123.4569237782405
6.0,-0.96323127,6.963231265544891,6.963231265544891,1.0436847,0.015031029,1.0346817,2.3000743e-05,116.05385442574818
-40.0,-85.00106,45.001060485839844,45.001060485839844,5.814296,0.002679217,1.0246625,8.3794575e-06,112.50265121459961
-5.0,-10.457389,5.457388877868652,5.457388877868652,-0.4905318,0.031449806,1.0317569,0.00041123494,109.14777755737305
-43.0,-89.31179,46.311790466308594,46.311790466308594,8.136657,0.0015079802,1.1648285,1.1879835e-06,107.70183829374092
-43.0,-87.54513,44.545127868652344,44.545127868652344,5.800541,0.0017556585,1.0117482,5.104501e-06,103.59332062477289
-28.0,-56.194126,28.19412612915039,28.19412612915039,7.6804786,0.0075141145,1.3090664,4.0967648e-06,100.69330760410854
-43.0,-85.86611,42.866111755371094,42.866111755371094,8.410392,0.0018221005,1.2200283,1.2074886e-06,99.6886319892351
-20.0,-0.26059452,19.73940548300743,19.73940548300743,0.80336034,0.016910963,1.0004531,0.0026883052,98.69702741503716
-12.0,-0.33670917,11.663290828466415,11.663290828466415,0.64388394,0.021596251,1.0074899,0.0003264649,97.19409023722012
-28.0,-54.661854,26.661853790283203,26.661853790283203,7.0176535,0.008544584,1.2849731,6.0450348e-06,95.22090639386859
-60.0,-113.876495,53.876495361328125,53.876495361328125,6.6499066,0.00058721204,1.0166793,1.3304383e-06,89.79415893554688
66.58,7.7572927,58.82270725250244,58.82270725250244,5.8395443,0.010201727,1.0029918,6.272651e-05,88.3489144675615
-60.0,-112.74574,52.74574279785156,52.74574279785156,6.9608545,0.00057745643,1.053431,1.0932401e-06,87.90957132975261
31.0,4.342284,26.657715797424316,26.657715797424316,7.1233354,0.0050514466,1.073744,1.220873e-06,85.99263160459456
-69.8104385128693,-15.735887,54.07455193907779,54.07455193907779,7.3244386,0.005657485,1.0144587,6.541942e-06,77.459120857849
44.0,11.902423,32.09757709503174,32.09757709503174,8.319464,0.0043906188,1.166844,1.0443999e-06,72.94903885234486
8.88,15.34759,6.467590446472167,6.467590446472167,1.3206732,0.0042883637,1.0029842,3.589545e-06,72.83322574856044
-59.0,-18.649961,40.35003852844238,40.35003852844238,2.4195971,0.009074381,1.0005438,0.0007135953,68.3898958109193
-107.0,-37.22782,69.77217864990234,69.77217864990234,11.524351,0.018343512,1.4722409,1.4967718e-05,65.20764359803957
-45.0,-16.32311,28.676889419555664,28.676889419555664,3.2609675,0.036248375,1.062211,0.00040727347,63.72642093234592
-52.0,-84.88686,32.886863708496094,32.886863708496094,4.6436687,0.0027669033,1.0209243,1.0660452e-05,63.2439686701848
-17.0,-6.51661,10.483389854431152,10.483389854431152,0.2713468,0.029087266,1.0126234,0.0006860822,61.66699914371266
19.0,7.519164,11.480835914611816,11.480835914611816,1.8533176,0.009752356,1.0062147,2.699381e-05,60.425452182167454
16.43,7.213599,9.21640079498291,9.21640079498291,2.6762106,0.0076432745,1.0192173,4.6281466e-06,56.09495310397389
16.0,7.0676756,8.932324409484863,8.932324409484863,3.3919241,0.0061641773,1.0408412,1.7812708e-06,55.827027559280396
-74.0,-33.235718,40.7642822265625,40.7642822265625,1.8675804,0.01986287,1.0024352,0.0038607973,55.086867873733105
16.0,7.252021,8.747979164123535,8.747979164123535,1.5367627,0.008969095,1.0086031,1.5253422e-05,54.674869775772095
16.0,7.5453367,8.454663276672363,8.454663276672363,0.9973036,0.0098150335,1.0060172,2.8417526e-05,52.84164547920227
-59.0,-89.55743,30.55742645263672,30.55742645263672,6.7522225,0.0019755354,1.1603708,1.5295972e-06,51.792248224808
-9.0,-4.3603106,4.6396894454956055,4.6396894454956055,1.6226245,0.013443939,1.1615635,4.229743e-06,51.55210494995117
-106.0,-51.960846,54.039154052734375,54.039154052734375,6.768557,0.010427009,1.101168,3.1480624e-05,50.980334012013564
19.71,28.84326,9.133259811401366,9.133259811401366,0.6625846,0.008023058,1.000011,0.0032512157,46.338203000514284
-25.0,-36.025097,11.025096893310547,11.025096893310547,3.6305072,0.020183492,1.3990638,2.2843298e-05,44.10038757324219
-28.0,-40.264343,12.26434326171875,12.26434326171875,1.7352968,0.013533644,1.0573084,5.8032863e-05,43.80122593470982
-59.0,-83.340775,24.340774536132812,24.340774536132812,2.8837702,0.005172529,1.0280524,4.9873517e-05,41.255550061242054
16.43,23.161287,6.731287307739258,6.731287307739258,0.6701832,0.00930766,1.0000176,0.00410139,40.96949061314216
-69.0,-97.01217,28.012168884277344,28.012168884277344,3.3387315,0.0030489364,1.0179372,2.7229853e-05,40.5973462090976
16.43,9.885623,6.5443770217895505,6.5443770217895505,-0.1952286,0.011157026,1.0022287,0.00010221649,39.83187475221881
-25.0,-34.93594,9.93593978881836,9.93593978881836,0.6114803,0.008825322,1.0081072,7.790734e-05,39.74375915527344
-37.0,-22.62169,14.37830924987793,14.37830924987793,3.234495,0.020984745,1.1585591,4.0046278e-05,38.86029526994035
-88.0,-55.587063,32.41293716430664,32.41293716430664,2.9794161,0.007023091,1.008883,0.00014149267,36.83288314125755
-17.0,-11.080155,5.919844627380371,5.919844627380371,-0.30044827,0.034708582,1.0140761,0.0013060945,34.822615455178656
42.0,27.387423,14.612577438354492,14.612577438354492,2.092143,0.004467464,1.0003209,1.9938037e-05,34.79185104370117
-103.0,-68.775,34.224998474121094,34.224998474121094,3.424627,0.0019807967,1.0022229,2.8675417e-05,33.22815385836999
25.0,16.967482,8.03251838684082,8.03251838684082,0.34819698,0.00395654,1.0000083,0.0007947344,32.13007354736328
-104.0,-72.4584,31.541603088378906,31.541603088378906,1.291159,0.0020421091,1.0000684,0.0006699566,30.32846450805664
19.71,13.835063,5.874937019348145,5.874937019348145,-0.17943513,0.011644225,1.0003073,0.00068408553,29.806884928199622
-35.0,-24.76705,10.232950210571289,10.232950210571289,4.4312706,0.026269516,1.5509989,1.8903938e-05,29.237000601632253
-64.0,-45.57842,18.421581268310547,18.421581268310547,12.929003,0.009617933,2.2175596,1.6468875e-06,28.78372073173523
-62.0,-44.517124,17.48287582397461,17.48287582397461,4.0763154,0.009201994,1.1287646,1.3411869e-05,28.19818681286227
1.2,1.5290402,0.3290402173995972,0.3290402173995972,-1.565777,0.016684528,1.0112305,8.950385e-05,27.420018116633106
-73.0,-53.34317,19.656829833984375,19.656829833984375,1.4062825,0.014251539,1.0249949,0.00041688056,26.92716415614298
-59.0,-43.55287,15.447128295898438,15.447128295898438,2.29582,0.0054917154,1.014734,2.391732e-05,26.181573382878707
-82.0,-102.81897,20.8189697265625,20.8189697265625,3.4010944,0.0016929907,1.0234694,5.844162e-06,25.388987471417682
-25.0,-19.179094,5.820905685424805,5.820905685424805,0.024494663,0.016350262,1.038526,5.562493e-05,23.28362274169922
-1.88,-2.2935956,0.4135955524444581,0.4135955524444581,-3.0300233,0.0052186335,1.2761124,1.0871813e-06,21.99976342789671
-37.0,-28.875027,8.12497329711914,8.12497329711914,1.5628986,0.028124113,1.3071854,6.1900435e-05,21.95938728951119
-73.0,-88.61466,15.614662170410156,15.614662170410156,2.528295,0.0027891027,1.0224366,9.9554545e-06,21.38994817864405
28.0,22.198408,5.801591873168945,5.801591873168945,-0.37828892,0.001963119,1.000028,1.8661127e-05,20.719970975603378
-73.0,-88.05357,15.053573608398438,15.053573608398438,2.4376721,0.003044505,1.0263864,1.0800713e-05,20.621333710134845
-66.0,-79.55261,13.5526123046875,13.5526123046875,2.1113255,0.004095116,1.0390332,1.5373256e-05,20.534261067708332
-51.0,-40.791416,10.20858383178711,10.20858383178711,0.19751874,0.019052418,1.0079663,0.0017083773,20.016831042719822
-29.0,-34.753414,5.753414154052734,5.753414154052734,-0.1610991,0.025539288,1.1644441,0.00013064516,19.83935915190598
13.0,10.555831,2.444169044494629,2.444169044494629,-0.946956,0.007557389,1.0136884,5.4081333e-06,18.801300342266376
-59.0,-70.07048,11.070480346679688,11.070480346679688,0.25908917,0.0063495515,1.0023211,0.00059479504,18.763526011321503
-104.0,-85.11729,18.882713317871094,18.882713317871094,2.909739,0.0033726743,1.0312843,1.4683928e-05,18.15645511333759
-74.0,-60.76352,13.236480712890625,13.236480712890625,3.6681707,0.007884808,1.1886196,8.812453e-06,17.887136098500843
-25.0,-29.197006,4.1970062255859375,4.1970062255859375,-0.7327903,0.029336236,1.1503156,0.00016855507,16.78802490234375
-104.0,-86.74223,17.257766723632812,17.257766723632812,2.440432,0.0032645713,1.0250776,1.753872e-05,16.59400646503155
-104.0,-87.03891,16.961090087890625,16.961090087890625,2.6001449,0.0031435548,1.0300018,1.3632348e-05,16.308740469125603
-75.0,-62.788,12.21200180053711,12.21200180053711,0.9494786,0.004950899,1.0120454,5.3890395e-05,16.282669067382812
7.6,6.4160833,1.1839166641235348,1.1839166641235348,-1.6174436,0.0050215847,1.3505087,1.0356946e-06,15.577850843730722
15.0,12.7407675,2.259232521057129,2.259232521057129,-1.0700601,0.007372721,1.00071,7.819721e-05,15.06155014038086
-66.0,-56.07738,9.922618865966797,9.922618865966797,3.3045604,0.007222798,1.2203629,5.270632e-06,15.034271009040602
-57.0,-65.4105,8.410499572753906,8.410499572753906,0.8954855,0.006340758,1.0531845,2.2213153e-05,14.755262408340187
-70.0,-80.30816,10.308158874511719,10.308158874511719,1.7737504,0.003911577,1.0589116,9.4902e-06,14.725941249302455
-94.0,-80.30027,13.699729919433594,13.699729919433594,3.8188536,0.0028475937,1.1203676,2.5301597e-06,14.574180765354887
-66.0,-56.492367,9.507633209228516,9.507633209228516,1.78467,0.008021368,1.0997552,1.622013e-05,14.405504862467447
10.5,9.007464,1.4925355911254883,1.4925355911254883,-1.4454114,0.0059525617,1.0375756,1.6442655e-06,14.214624677385602
16.0,13.75867,2.241330146789551,2.241330146789551,-0.29528156,0.010359678,1.000223,0.00067317416,14.008313417434692
7.6,6.5542326,1.0457674026489254,1.0457674026489254,-1.9094394,0.0042474777,1.4992819,1.0131623e-06,13.760097403275337
8.88,7.751712,1.1282881546020516,1.1282881546020516,-1.8045522,0.0096917255,1.0069578,2.2938977e-05,12.70594768696004
7.6,6.636298,0.9637018203735348,0.9637018203735348,-2.0493662,0.0042691207,1.56995,1.01102e-06,12.68028711017809
-37.0,-41.459026,4.459026336669922,4.459026336669922,0.19442557,0.01564031,1.2727953,2.2057207e-05,12.051422531540329
-37.0,-41.439754,4.439754486083984,4.439754486083984,0.8865966,0.013717984,1.3663776,1.0633524e-05,11.999336448875633
1.48,1.6556348,0.17563476085662844,0.17563476085662844,-3.3932526,0.006663395,1.3192141,1.1179302e-06,11.867213571393812
-90.0,-79.731804,10.268196105957031,10.268196105957031,0.2830311,0.004240303,1.007875,8.80601e-05,11.409106784396702
-76.0,-84.42744,8.427436828613281,8.427436828613281,0.93218505,0.003132667,1.0293423,1.0195478e-05,11.088732669228001
-103.0,-91.73283,11.267173767089844,11.267173767089844,0.6224416,0.00405166,1.017657,5.729832e-05,10.939003657368781
-71.0,-78.76005,7.760047912597656,7.760047912597656,3.133169,0.0025561594,1.3199809,1.3716252e-06,10.929644947320643
-42.0,-37.459614,4.540386199951172,4.540386199951172,0.5381252,0.019489495,1.3923671,2.3052226e-05,10.810443333217076
-89.0,-79.41211,9.587890625,9.587890625,0.42392597,0.004217634,1.0148401,4.627166e-05,10.77291081460674
7.26,8.019328,0.7593281173706057,0.7593281173706057,-1.7104621,0.009836291,1.0046945,3.5888424e-05,10.459064977556553
-88.0,-97.11435,9.114349365234375,9.114349365234375,0.20613834,0.0025353008,1.0079674,3.6732356e-05,10.357215187766336
-104.0,-93.50025,10.499748229980469,10.499748229980469,1.1509018,0.0021997727,1.015355,1.08970235e-05,10.095911759596605
-68.0,-74.85027,6.850273132324219,6.850273132324219,0.6608428,0.0056401533,1.0822589,1.4207926e-05,10.07393107694738
19.71,17.735357,1.9746427154541024,1.9746427154541024,0.33542487,0.011383634,1.0000604,0.0027208794,10.018481559888901
-88.0,-96.690186,8.690185546875,8.690185546875,0.01734516,0.004405619,1.0066338,0.00025795176,9.875210848721592
-84.0,-92.195175,8.195175170898438,8.195175170898438,0.032581687,0.0033156339,1.0117935,4.7734728e-05,9.756160917736235
-25.0,-22.589714,2.4102859497070312,2.4102859497070312,-0.96998054,0.017224645,1.0133159,0.00023160673,9.641143798828125
7.26,7.9414434,0.6814434432983401,0.6814434432983401,-2.4751925,0.007021803,1.0203233,3.4387222e-06,9.386273323668597
-101.0,-91.54457,9.455429077148438,9.455429077148438,0.08673433,0.0025217591,1.0036421,7.398578e-05,9.361810967473701
7.26,7.9394445,0.6794445419311526,0.6794445419311526,-2.5294855,0.0065458124,1.0263803,2.4717774e-06,9.358740246985574
-16.0,-17.496376,1.4963760375976562,1.4963760375976562,-1.6331222,0.016137425,1.2303197,7.819914e-06,9.352350234985352
-81.0,-88.48639,7.48638916015625,7.48638916015625,2.0824587,0.0022139633,1.136304,1.765387e-06,9.242455753279321
-75.0,-68.22507,6.774932861328125,6.774932861328125,-0.081287354,0.0051164404,1.0025512,0.0003494809,9.033243815104166
-74.0,-80.3093,6.309303283691406,6.309303283691406,0.46719542,0.0039048425,1.0594816,9.367457e-06,8.526085518501901
-96.0,-87.88595,8.114051818847656,8.114051818847656,0.10094009,0.0038081554,1.013124,4.254381e-05,8.452137311299643
-97.0,-104.942215,7.9422149658203125,7.9422149658203125,0.008352727,0.0019467353,1.001482,0.00014173992,8.187850480227127
-91.0,-83.72342,7.276580810546875,7.276580810546875,0.36766967,0.0035492964,1.032043,1.5552561e-05,7.9962426489526095
-83.0,-76.78737,6.2126312255859375,6.2126312255859375,-0.22337726,0.005594024,1.0324131,4.3581444e-05,7.485097862151732
-90.0,-83.27283,6.7271728515625,6.7271728515625,0.16297314,0.003977411,1.0379139,1.848376e-05,7.474636501736111
-44.0,-40.77165,3.228351593017578,3.228351593017578,0.37744775,0.015167704,1.4774165,8.486165e-06,7.337162711403587
-90.0,-83.48109,6.518913269042969,6.518913269042969,0.35949695,0.0032666074,1.0401601,9.940998e-06,7.243236965603298
-83.0,-77.215,5.785003662109375,5.785003662109375,-0.20660469,0.005236137,1.0420202,2.8065308e-05,6.969883930252259
-95.0,-101.15627,6.156272888183594,6.156272888183594,-0.3076946,0.0019637062,1.0087156,1.9844283e-05,6.480287250719573
-81.0,-75.87544,5.1245574951171875,5.1245574951171875,0.11964522,0.005557104,1.106476,1.1303864e-05,6.326614191502701
10.0,10.629226,0.6292257308959961,0.6292257308959961,-2.3906379,0.0075681647,1.0131208,5.5978308e-06,6.292257308959961
12.0,11.2539625,0.746037483215332,0.746037483215332,-2.3984954,0.001846791,1.0235633,1.0281242e-06,6.216979026794434
-64.0,-60.10507,3.8949317932128906,3.8949317932128906,0.9041351,0.00812127,1.3971447,4.452421e-06,6.085830926895142
21.0,22.2088,1.2087993621826172,1.2087993621826172,-1.9291375,0.0009927244,1.0001999,1.2987118e-06,5.756187438964844
-83.0,-78.27852,4.7214813232421875,4.7214813232421875,-0.4034645,0.004719165,1.0543118,1.6764847e-05,5.688531714749623
-35.0,-33.108955,1.8910446166992188,1.8910446166992188,-1.550777,0.026614258,1.2537836,8.785552e-05,5.402984619140625
-128.0,-121.17179,6.828208923339844,6.828208923339844,0.14182857,0.00018994586,1.0680866,1.0036405e-06,5.334538221359253
-91.0,-86.1589,4.841102600097656,4.841102600097656,0.59243083,0.002853795,1.131543,2.776752e-06,5.319892967140282
-91.0,-86.20142,4.798576354980469,4.798576354980469,0.65183747,0.002613883,1.131546,2.315855e-06,5.273160829648867
-75.0,-71.09511,3.9048919677734375,3.9048919677734375,-0.7875618,0.0007160928,1.0004301,8.090451e-06,5.206522623697917
-95.0,-99.72625,4.726249694824219,4.726249694824219,-0.3095594,0.0012764805,1.0180693,3.608417e-06,4.974999678762336
28.0,29.387205,1.3872051239013672,1.3872051239013672,-1.8945091,0.0009328437,1.2337484,1.0001047e-06,4.954304013933454
-86.0,-81.78144,4.218559265136719,4.218559265136719,-0.74580544,0.004634524,1.0293994,3.5210498e-05,4.905301471089208
-90.0,-85.76376,4.236236572265625,4.236236572265625,-0.5477489,0.0025368966,1.0264263,7.782242e-06,4.706929524739583
-74.0,-70.64331,3.356689453125,3.356689453125,-0.5505803,0.0032490501,1.066586,4.002252e-06,4.536066828547297
26.0,27.153421,1.153421401977539,1.153421401977539,-2.0232997,0.0032205877,1.0040729,1.4799323e-06,4.436236161452073
-89.0,-92.94502,3.9450225830078125,3.9450225830078125,-0.7259656,0.0032605126,1.0107018,5.1179664e-05,4.432609643829003
81.0,84.55697,3.5569686889648438,3.5569686889648438,-0.8371652,0.00033820566,1.0000042,1.0466938e-06,4.3913193690923995
-7.0,-7.307105,0.30710506439208984,0.30710506439208984,-3.461564,0.009248912,2.0561574,1.0912631e-06,4.387215205601284
-59.0,-61.498547,2.498546600341797,2.498546600341797,-1.0838785,0.010653652,1.0483348,0.00010377024,4.234824746342029
-14.0,-13.408908,0.5910921096801758,0.5910921096801758,-2.684507,0.025318285,1.4310658,1.2129002e-05,4.222086497715542
-85.0,-88.58289,3.5828933715820312,3.5828933715820312,-0.8426435,0.0027427857,1.0232424,9.130882e-06,4.215168672449448
-91.0,-87.32641,3.6735916137695312,3.6735916137695312,-0.87543875,0.003174572,1.0258558,1.6120997e-05,4.036913861285199
-60.0,-62.364166,2.364166259765625,2.364166259765625,-1.1922196,0.0011357851,1.0243843,1.2922087e-06,3.940277099609375
-65.0,-67.54207,2.5420684814453125,2.5420684814453125,-1.259515,0.0073651248,1.07429,2.7898823e-05,3.9108745868389425
7.26,7.539233,0.27923320770263693,0.27923320770263693,-2.2132924,0.008341466,1.0085746,1.2027977e-05,3.846187433920619
-73.0,-70.328896,2.6711044311523438,2.6711044311523438,-0.031960785,0.00409809,1.3704221,1.7264183e-06,3.659047165962115
-90.0,-86.70826,3.2917404174804688,3.2917404174804688,-0.9016969,0.0029195328,1.0420089,7.4370996e-06,3.6574893527560763
81.0,83.65716,2.6571578979492188,2.6571578979492188,-1.200666,0.00025959715,1.0000076,1.0104324e-06,3.2804418493200234
-89.0,-86.125145,2.8748550415039062,2.8748550415039062,-1.1030941,0.0032630367,1.0490128,8.653425e-06,3.2301742039369734
7.0,7.2216406,0.22164058685302734,0.22164058685302734,-3.2162583,0.0048556225,1.2381144,1.0497131e-06,3.1662940979003906
-138.0,-133.77307,4.2269287109375,4.2269287109375,-0.71771353,0.0004806812,1.0046097,2.8080153e-06,3.0629918195199277
35.0,36.050484,1.0504837036132812,1.0504837036132812,-2.0664377,0.0009987169,1.0034231,1.0093411e-06,3.0013820103236606
81.0,83.3524,2.3524017333984375,2.3524017333984375,-1.2932361,0.00024335437,1.000012,1.0053317e-06,2.9041996708622686
-66.0,-67.90129,1.9012908935546875,1.9012908935546875,-1.5024911,0.0039113467,1.0839323,4.1857106e-06,2.880743778113163
-91.0,-88.383125,2.6168746948242188,2.6168746948242188,-0.9405772,0.0025996917,1.1185551,2.665436e-06,2.8756864778288116
33.0,33.945038,0.945037841796875,0.945037841796875,-2.2023213,0.0015297213,1.0029743,1.0466118e-06,2.863751035748106
-43.0,-44.22705,1.22705078125,1.22705078125,-1.6157309,0.0010598106,1.0003746,3.99265e-06,2.853606468023256
42.0,43.14171,1.1417083740234375,1.1417083740234375,-2.0310464,0.0011927494,1.0015022,1.031919e-06,2.718353271484375
-39.0,-37.94394,1.056060791015625,1.056060791015625,-1.8333737,0.016972704,1.9582486,4.789175e-06,2.7078481820913463
-39.0,-37.946075,1.053924560546875,1.053924560546875,-1.8877842,0.016582357,1.9016389,4.9042546e-06,2.70237066806891
-104.0,-101.18965,2.8103485107421875,2.8103485107421875,-0.93975633,0.0006834915,1.2312216,1.0239888e-06,2.7022581834059496
-78.0,-75.913414,2.0865859985351562,2.0865859985351562,-1.3853257,0.0056156605,1.052767,2.3845312e-05,2.675110254532252
-21.0,-20.439106,0.5608940124511719,0.5608940124511719,-0.6417712,0.0021109374,1.0000501,7.248637e-05,2.670923868815104
-75.0,-77.00078,2.0007781982421875,2.0007781982421875,-0.6550418,0.0021370049,1.0016292,6.5830034e-05,2.6677042643229165
-52.0,-50.613102,1.3868980407714844,1.3868980407714844,-1.8606316,0.00903552,1.293812,6.560275e-06,2.6671116168682394
-90.0,-87.623985,2.3760147094726562,2.3760147094726562,-0.90429974,0.0024281214,1.1952031,1.721892e-06,2.640016343858507
14.0,14.354781,0.3547811508178711,0.3547811508178711,-3.0015292,0.003203625,1.3395673,1.006426e-06,2.534151077270508
7.26,7.0786963,0.18130374908447244,0.18130374908447244,-2.6236165,0.0072167963,1.0155135,4.6323494e-06,2.4972968193453506
-85.0,-87.122604,2.1226043701171875,2.1226043701171875,-1.4251878,0.0024087515,1.0287633,6.721298e-06,2.4971816119025734
-45.0,-43.8771,1.1228981018066406,1.1228981018066406,-2.1146932,0.0122332005,1.3361332,8.148679e-06,2.495329115125868
-50.0,-51.221687,1.2216873168945312,1.2216873168945312,-1.9794004,0.008529508,1.3639885,4.6909654e-06,2.4433746337890625
14.0,14.34061,0.3406095504760742,0.3406095504760742,-2.94654,0.0043071317,1.0444314,1.1575193e-06,2.432925360543387
-104.0,-101.48136,2.5186386108398438,2.5186386108398438,-1.1007469,0.00085450616,1.1354418,1.0885166e-06,2.4217678950383115
10.0,10.2409315,0.24093151092529297,0.24093151092529297,-3.2480214,0.0031237607,1.8620107,1.0018891e-06,2.4093151092529297
14.0,14.334891,0.33489131927490234,0.33489131927490234,-3.0200083,0.003167144,1.3537048,1.0058794e-06,2.392080851963588
-104.0,-101.53426,2.4657363891601562,2.4657363891601562,-1.150391,0.00074687495,1.2188674,1.0349638e-06,2.370900374192458
12.0,12.282027,0.2820272445678711,0.2820272445678711,-3.0507834,0.0052914205,1.0587181,1.2455548e-06,2.3502270380655923
-11.0,-10.743844,0.25615596771240234,0.25615596771240234,-2.0206847,0.0066398033,1.0077512,1.4317319e-05,2.328690615567294
-39.0,-38.123837,0.8761634826660156,0.8761634826660156,-2.2488956,0.016599784,1.9199088,4.8101415e-06,2.246573032476963
7.26,7.098033,0.16196704864501932,0.16196704864501932,-2.9504335,0.0067693866,1.0353309,2.2702286e-06,2.230951083264729
-50.0,-51.079285,1.07928466796875,1.07928466796875,-2.1546986,0.008687885,1.3200598,5.5427085e-06,2.1585693359375
-60.0,-61.27787,1.2778701782226562,1.2778701782226562,-1.9220934,0.0011356099,1.0240234,1.267296e-06,2.1297836303710938
-64.0,-62.654068,1.3459320068359375,1.3459320068359375,-1.8863536,0.0018819517,1.0284879,1.9384238e-06,2.1030187606811523
-66.0,-67.3852,1.3852005004882812,1.3852005004882812,-1.8649929,0.0027994693,1.084701,2.2278095e-06,2.0987886371034565
10.0,10.207995,0.20799541473388672,0.20799541473388672,-3.3002882,0.0031436745,1.9559481,1.001646e-06,2.079954147338867
10.0,10.197314,0.19731426239013672,0.19731426239013672,-3.2766986,0.0030731265,1.8756893,1.0017501e-06,1.9731426239013672
-121.0,-123.30813,2.3081283569335938,2.3081283569335938,-1.2429855,0.0001323261,1.174912,1.0004896e-06,1.9075440966393338
12.0,12.225829,0.2258291244506836,0.2258291244506836,-3.0886497,0.0055172313,1.0562942,1.3059852e-06,1.8819093704223633
-49.0,-48.100758,0.8992424011230469,0.8992424011230469,-2.1780634,0.010207875,1.8190197,2.7041488e-06,1.8351885737205038
-49.0,-48.10993,0.8900718688964844,0.8900718688964844,-2.1999614,0.0101192305,1.8100035,2.6825962e-06,1.81647320182956
-90.0,-88.39382,1.6061782836914062,1.6061782836914062,-1.6206933,0.0019053469,1.2388872,1.2742512e-06,1.7846425374348958
-96.0,-94.29505,1.7049484252929688,1.7049484252929688,-1.6560241,0.0009592675,1.1099789,1.1100897e-06,1.775987943013509
-14.0,-14.248574,0.24857425689697266,0.24857425689697266,-3.4680974,0.019885238,1.8026099,3.2074358e-06,1.7755304064069475
-103.0,-101.18851,1.811492919921875,1.811492919921875,-1.5828717,0.0010016656,1.115128,1.1755064e-06,1.7587309902154127
6.48,6.366313,0.11368701934814496,0.11368701934814496,-3.4153986,0.0043486194,1.6643623,1.0097588e-06,1.7544293109281628
6.48,6.368438,0.11156223297119183,0.11156223297119183,-3.4160814,0.004332728,1.6681008,1.0094686e-06,1.7216393977035775
-16.0,-15.72631,0.27369022369384766,0.27369022369384766,-2.8019965,0.018371683,1.2499353,9.710482e-06,1.7105638980865479
33.0,33.560112,0.5601119995117188,0.5601119995117188,-2.410343,0.001314997,1.0068445,1.0125854e-06,1.6973090894294507
33.0,33.55568,0.5556793212890625,0.5556793212890625,-2.464465,0.0015408051,1.0057033,1.025318e-06,1.6838767311789773
-60.0,-60.9543,0.9542999267578125,0.9542999267578125,-2.1042254,0.0011297216,1.0239199,1.2664573e-06,1.5904998779296875
-49.0,-48.221214,0.7787857055664062,0.7787857055664062,-2.4504,0.010275452,1.7915177,2.8650575e-06,1.589358582788584
6.48,6.3804502,0.09954975128173871,0.09954975128173871,-3.4212008,0.004320729,1.6707783,1.009317e-06,1.5362615938539923
-39.0,-38.401485,0.5985145568847656,0.5985145568847656,-2.7774205,0.0153216785,2.0038989,3.574603e-06,1.5346527099609375
-106.0,-104.393875,1.6061248779296875,1.6061248779296875,-1.7418473,0.00083975395,1.2279884,1.0510073e-06,1.5152121489902712
-88.0,-86.66708,1.332916259765625,1.332916259765625,-1.8831779,0.002079582,1.2951356,1.2913117e-06,1.514677567915483
-91.0,-89.626045,1.3739547729492188,1.3739547729492188,-1.0739609,0.003387386,1.01337,4.5365403e-05,1.5098404098343063
-82.0,-80.794586,1.205413818359375,1.205413818359375,-1.5593736,0.0035793409,1.0248587,1.6293608e-05,1.4700168516577743
-4.0,-4.058461,0.05846118927001953,0.05846118927001953,-3.2414303,0.012231961,1.1958269,2.8356258e-06,1.4615297317504883
-38.0,-38.555264,0.5552635192871094,0.5552635192871094,-2.8690128,0.01606529,1.8712786,4.832349e-06,1.4612197875976562
2.48,2.443858,0.036142091751098615,0.036142091751098615,-3.4976463,0.0052617197,1.5791261,1.0245021e-06,1.4573424093184926
-122.0,-120.22794,1.7720565795898438,1.7720565795898438,-1.61101,0.00037938045,1.1744623,1.011538e-06,1.4525053931064293
7.26,7.365218,0.1052181625366213,0.1052181625366213,-1.756193,0.009646406,1.0044421,3.573935e-05,1.4492859853529105
-88.0,-86.74985,1.250152587890625,1.250152587890625,-1.9626999,0.0019053288,1.3907094,1.1448166e-06,1.420627940784801
-14.0,-14.195903,0.19590282440185547,0.19590282440185547,-2.921685,0.0031132018,1.0846908,1.1505367e-06,1.3993058885846819
-106.0,-104.52641,1.4735870361328125,1.4735870361328125,-1.7896674,0.0014908623,1.055573,2.1915841e-06,1.3901764491818986
-94.0,-92.70164,1.2983627319335938,1.2983627319335938,-1.9295635,0.0009786019,1.1020107,1.1037661e-06,1.3812369488655252
-87.0,-88.16551,1.1655120849609375,1.1655120849609375,-2.0594103,0.0017602104,1.1697346,1.3071991e-06,1.3396690631734913
-89.0,-87.82664,1.1733627319335938,1.1733627319335938,-2.0544982,0.0020543402,1.2984781,1.284904e-06,1.3183850920602176
21.0,21.274282,0.27428245544433594,0.27428245544433594,-2.3079624,0.0008806184,1.0009973,1.0418277e-06,1.306106930687314
7.26,7.1681433,0.09185672760009744,0.09185672760009744,-3.0002472,0.006488579,1.0371633,2.048006e-06,1.2652441818195241
10.0,10.1264105,0.12641048431396484,0.12641048431396484,-3.3203244,0.0029385742,1.9678484,1.0012905e-06,1.2641048431396484
-53.0,-52.333557,0.66644287109375,0.66644287109375,-2.6433864,0.0056852936,1.7678883,1.3629224e-06,1.2574393794221699
6.48,6.3992033,0.08079669952392621,0.08079669952392621,-3.3965173,0.005003383,1.4160198,1.0284724e-06,1.2468626469741697
-71.0,-70.13302,0.8669815063476562,0.8669815063476562,-2.3849883,0.001842547,1.4236335,1.0651222e-06,1.221100713165713
6.48,6.4011908,0.07880924224853558,0.07880924224853558,-3.3883567,0.0050730687,1.3833863,1.0330241e-06,1.216192010008265
-80.0,-80.97029,0.9702911376953125,0.9702911376953125,-2.2670753,0.002348811,1.4934082,1.1667947e-06,1.2128639221191406
-28.0,-27.667624,0.33237648010253906,0.33237648010253906,-3.3971152,0.02175172,2.888743,2.2188276e-06,1.1870588575090681
-83.0,-82.02477,0.9752273559570312,0.9752273559570312,-2.2083116,0.002992991,1.1620984,2.3509629e-06,1.1749727180205196
-50.0,-49.428112,0.5718879699707031,0.5718879699707031,-2.8050857,0.007842892,2.0162559,1.5307114e-06,1.1437759399414062
-50.0,-49.442112,0.5578880310058594,0.5578880310058594,-2.8368053,0.0077463775,2.0338516,1.495776e-06,1.1157760620117188
12.0,12.130519,0.13051891326904297,0.13051891326904297,-3.2449281,0.004373497,1.2573119,1.0269002e-06,1.0876576105753581
33.0,33.358658,0.3586578369140625,0.3586578369140625,-2.5742478,0.0016564763,1.0037497,1.0479978e-06,1.0868419300426135
-14.0,-13.850732,0.14926815032958984,0.14926815032958984,-4.008027,0.023909243,2.6930485,2.094871e-06,1.0662010737827845
33.0,33.344894,0.3448944091796875,0.3448944091796875,-2.5680554,0.0015834699,1.0051944,1.0302268e-06,1.0451345732717803
6.48,6.4123106,0.06768939971923871,0.06768939971923871,-3.3506103,0.0052875574,1.270235,1.058201e-06,1.0445895018401035
28.0,28.283361,0.28336143493652344,0.28336143493652344,-2.597645,0.0014629763,1.0633907,1.0020085e-06,1.012005124773298
7.26,7.186721,0.0732791519165037,0.0732791519165037,-2.632315,0.00789278,1.0184939,5.1468523e-06,1.0093547095937148
-64.0,-63.363117,0.6368827819824219,0.6368827819824219,-2.7162335,0.0037667113,1.6262654,1.1913618e-06,0.9951293468475342
30.0,29.707708,0.29229164123535156,0.29229164123535156,-2.4683945,0.0009907989,1.1643302,1.0001887e-06,0.9743054707845052
-66.0,-65.36579,0.6342086791992188,0.6342086791992188,-2.5013833,0.002547629,1.1239808,1.5302662e-06,0.9609222412109375
-68.0,-67.37417,0.6258316040039062,0.6258316040039062,-2.7468796,0.0027637994,1.8378059,1.057756e-06,0.9203405941233915
6.48,6.5395,0.05950023651123004,0.05950023651123004,-3.4115152,0.0044710655,1.5617651,1.0132242e-06,0.918213526407871
-14.0,-13.872252,0.1277475357055664,0.1277475357055664,-4.0375447,0.02479417,2.6757674,2.2616327e-06,0.9124823978969029
-86.0,-85.22001,0.7799911499023438,0.7799911499023438,-2.4257674,0.0014564566,1.3719798,1.0592559e-06,0.9069664533748183
-64.0,-63.41962,0.5803794860839844,0.5803794860839844,-2.806367,0.003838853,1.6556718,1.1902692e-06,0.9068429470062256
-69.0,-68.379906,0.6200942993164062,0.6200942993164062,-2.72714,0.0024375399,1.6952041,1.0548666e-06,0.8986873903136322
-40.0,-39.642902,0.3570976257324219,0.3570976257324219,-1.866864,0.0050877235,1.018798,1.5007122e-05,0.8927440643310547
-68.0,-67.39442,0.6055831909179688,0.6055831909179688,-2.7732174,0.0027903933,1.8092861,1.0627939e-06,0.8905635160558364
6.48,6.4227552,0.05724475860595746,0.05724475860595746,-3.3553858,0.0050168205,1.3137138,1.0408648e-06,0.8834067686104545
-50.0,-49.561333,0.43866729736328125,0.43866729736328125,-3.1214595,0.0077966773,2.1168458,1.4607419e-06,0.8773345947265625
-48.0,-48.40282,0.4028205871582031,0.4028205871582031,-3.1158962,0.009780159,1.8139652,2.5757045e-06,0.8392095565795898
-48.0,-48.401546,0.4015464782714844,0.4015464782714844,-3.0865571,0.009825498,1.7359092,2.7821536e-06,0.8365551630655924
-51.0,-50.580082,0.4199180603027344,0.4199180603027344,-3.1624227,0.006521991,2.112372,1.2747221e-06,0.823368745691636
-51.0,-50.58009,0.4199104309082031,0.4199104309082031,-3.168315,0.006385411,2.1918485,1.2227638e-06,0.8233537860945159
-59.0,-59.48537,0.4853706359863281,0.4853706359863281,-2.3464034,0.0034000766,1.0598506,3.5451858e-06,0.8226620948920815
21.0,21.172327,0.17232704162597656,0.17232704162597656,-2.377534,0.0010010467,1.0011047,1.056346e-06,0.8206049601236979
-51.0,-50.582874,0.4171257019042969,0.4171257019042969,-3.1553998,0.0067296694,1.9920334,1.3681903e-06,0.8178935331456801
-51.0,-50.584892,0.41510772705078125,0.41510772705078125,-3.135276,0.007161666,1.8635262,1.578331e-06,0.8139367197074142
-57.0,-56.541206,0.45879364013671875,0.45879364013671875,-2.1386652,0.007845708,1.107521,1.40144475e-05,0.804901123046875
-68.0,-67.45595,0.5440521240234375,0.5440521240234375,-2.8585296,0.0026114702,1.8710687,1.0454887e-06,0.8000766529756433
-106.0,-105.155106,0.8448944091796875,0.8448944091796875,-2.1550329,0.0013724815,1.0802209,1.6862521e-06,0.7970701973393278
-80.0,-80.62583,0.6258316040039062,0.6258316040039062,-2.6590462,0.0023929602,1.4717801,1.1820055e-06,0.7822895050048828
-12.0,-11.906283,0.09371662139892578,0.09371662139892578,-4.031978,0.012632645,2.3728151,1.1789223e-06,0.7809718449910482
31.0,30.77046,0.2295398712158203,0.2295398712158203,-2.5252287,0.0012922636,1.0169683,1.0056236e-06,0.7404511974703881
-48.0,-48.343628,0.3436279296875,0.3436279296875,-3.178471,0.010081693,1.7938735,2.784203e-06,0.7158915201822916
-14.0,-13.901366,0.0986337661743164,0.0986337661743164,-4.1049633,0.024717849,2.7079334,2.199094e-06,0.7045269012451172
-119.0,-119.83132,0.8313217163085938,0.8313217163085938,-1.8624941,0.00035700705,1.103379,1.0141458e-06,0.6985896775702468
7.26,7.209426,0.05057407379150369,0.05057407379150369,-2.6819928,0.007623595,1.0196058,4.5209063e-06,0.6966125866598305
-104.0,-103.28401,0.7159881591796875,0.7159881591796875,-2.161476,0.0012020139,1.0600427,1.6405095e-06,0.6884501530573919
-39.0,-38.734825,0.26517486572265625,0.26517486572265625,-3.428957,0.014873645,2.0908537,3.0679594e-06,0.6799355531350161
-51.0,-50.654194,0.3458061218261719,0.3458061218261719,-3.3160572,0.00650535,2.135051,1.2730426e-06,0.6780512192670036
-22.0,-21.852497,0.14750289916992188,0.14750289916992188,-4.03453,0.01663969,2.800127,1.4363034e-06,0.6704677234996449
6.48,6.5231123,0.04311229705810504,0.04311229705810504,-3.427614,0.00422387,1.6701291,1.0085529e-06,0.6653132262053247
-12.0,-11.920552,0.07944774627685547,0.07944774627685547,-4.0397024,0.012937657,2.327139,1.2060644e-06,0.6620645523071289
-57.0,-56.62515,0.3748512268066406,0.3748512268066406,-2.0540078,0.007897708,1.091372,1.7074459e-05,0.6576337312397204
-23.0,-22.850628,0.14937210083007812,0.14937210083007812,-4.144389,0.02097381,3.3231711,1.4762296e-06,0.6494439166525136
-23.0,-22.85291,0.14709091186523438,0.14709091186523438,-4.1099386,0.020378428,3.1183596,1.5582607e-06,0.6395257037618886
-23.0,-22.85347,0.1465301513671875,0.1465301513671875,-4.154598,0.021437466,3.3273356,1.5082944e-06,0.6370876146399457
-56.0,-56.354786,0.3547859191894531,0.3547859191894531,-2.314435,0.007363047,1.1269984,9.59513e-06,0.6335462842668805
-48.0,-48.30363,0.3036308288574219,0.3036308288574219,-3.2205431,0.010204254,1.79074,2.8452266e-06,0.6325642267862955
-23.0,-22.855946,0.14405441284179688,0.14405441284179688,-4.1612105,0.02107415,3.3162563,1.4877137e-06,0.626323534094769
12.0,12.074786,0.07478618621826172,0.07478618621826172,-3.2983098,0.0044455025,1.3091743,1.0228739e-06,0.6232182184855143
-108.0,-107.33011,0.669891357421875,0.669891357421875,-2.1553912,0.0006913172,1.1140369,1.0675892e-06,0.620269775390625
-15.0,-14.907451,0.09254932403564453,0.09254932403564453,-4.2115626,0.024857359,2.9483974,1.9344025e-06,0.6169954935709635
-34.0,-33.79281,0.20719146728515625,0.20719146728515625,-2.6681812,0.023900403,1.5166025,2.2091977e-05,0.6093866684857536
-19.0,-18.886337,0.1136627197265625,0.1136627197265625,-4.1841745,0.020042388,2.987899,1.5257064e-06,0.5982248406661185
-14.0,-13.916327,0.08367252349853516,0.08367252349853516,-4.1210194,0.023429511,2.6589494,2.0730504e-06,0.597660882132394
-30.0,-29.826496,0.17350387573242188,0.17350387573242188,-4.008118,0.018213872,3.1797197,1.5455435e-06,0.5783462524414062
-96.0,-95.44693,0.553070068359375,0.553070068359375,-2.4755533,0.0014492827,1.2047491,1.2093099e-06,0.5761146545410156
-15.0,-14.914195,0.08580493927001953,0.08580493927001953,-4.2649775,0.024165474,3.0380838,1.7646137e-06,0.5720329284667969
32.0,31.819693,0.18030738830566406,0.18030738830566406,-2.6132123,0.0012004754,1.228241,1.0002299e-06,0.5634605884552002
-25.0,-24.861336,0.13866424560546875,0.13866424560546875,-4.1291823,0.023048487,3.188922,1.8390465e-06,0.554656982421875
-64.0,-63.648655,0.3513450622558594,0.3513450622558594,-3.060114,0.0046490068,1.5260212,1.4761011e-06,0.5489766597747803
-107.0,-106.4407,0.5593032836914062,0.5593032836914062,-2.1300135,0.000734032,1.039682,1.183342e-06,0.5227133492443049
-16.0,-15.916507,0.08349323272705078,0.08349323272705078,-4.3172174,0.023977188,3.1790316,1.6434789e-06,0.5218327045440674
-91.0,-90.52854,0.47145843505859375,0.47145843505859375,-1.7640803,0.0028309869,1.0292429,1.0273098e-05,0.5180861923720811
-11.0,-10.943961,0.056038856506347656,0.056038856506347656,-3.9328504,0.010691371,2.0791888,1.151239e-06,0.5094441500577059
-16.0,-15.918706,0.08129405975341797,0.08129405975341797,-4.3439083,0.023864979,3.2444654,1.5866434e-06,0.5080878734588623
-30.0,-29.84869,0.15130996704101562,0.15130996704101562,-4.068542,0.018704228,3.1539838,1.6100673e-06,0.5043665568033854
12.0,12.060164,0.060164451599121094,0.060164451599121094,-3.265479,0.005536045,1.1217648,1.1383142e-06,0.5013704299926758
32.0,31.841696,0.15830421447753906,0.15830421447753906,-2.6147711,0.0011828417,1.2390783,1.000208e-06,0.49470067024230957
20.0,19.901178,0.09882164001464844,0.09882164001464844,-3.0117483,0.0026704338,1.2210952,1.0049521e-06,0.4941082000732422
31.0,31.151808,0.1518077850341797,0.1518077850341797,-2.6036632,0.001493827,1.0123135,1.0117833e-06,0.48970253236832156
-8.0,-7.9610567,0.03894329071044922,0.03894329071044922,-3.9281917,0.010183924,2.0732238,1.1244838e-06,0.48679113388061523
-17.0,-17.080439,0.08043861389160156,0.08043861389160156,-2.745328,0.02402931,1.3361347,1.7005348e-05,0.47316831700942097
-165.0,-165.7643,0.7642974853515625,0.7642974853515625,-1.477815,0.00020527112,1.0068092,1.2592243e-06,0.46321059718276514
-29.0,-28.866701,0.1332988739013672,0.1332988739013672,-4.009669,0.019964341,2.851801,2.0631087e-06,0.4596512893150593
-22.0,-21.899788,0.10021209716796875,0.10021209716796875,-4.0912857,0.016933316,2.679994,1.5405969e-06,0.45550953258167615
6.48,6.508971,0.028971214294433167,0.028971214294433167,-3.4213483,0.004481332,1.5696064,1.0130918e-06,0.44708664034619083
-62.0,-62.276924,0.27692413330078125,0.27692413330078125,-2.9176998,0.004679368,1.2837371,1.9814333e-06,0.4466518279044859
-96.0,-95.57388,0.426116943359375,0.426116943359375,-2.3056173,0.0011504305,1.0574156,1.369409e-06,0.44387181599934894
-16.0,-15.929576,0.07042407989501953,0.07042407989501953,-2.2860634,0.019607173,1.1132219,2.8237859e-05,0.44015049934387207
6.48,6.4515486,0.028451423645019958,0.028451423645019958,-3.411984,0.0048197038,1.4615561,1.0219699e-06,0.4390651797070981
-22.0,-21.909533,0.09046745300292969,0.09046745300292969,-4.1608334,0.016811853,2.8305554,1.4326838e-06,0.41121569546786224
-16.0,-15.935079,0.06492137908935547,0.06492137908935547,-4.319602,0.024609882,3.1086318,1.7621414e-06,0.4057586193084717
-12.0,-11.95222,0.04778003692626953,0.04778003692626953,-4.0072813,0.023705157,2.3802917,2.5403926e-06,0.3981669743855794
-8.0,-7.968463,0.03153705596923828,0.03153705596923828,-3.9196033,0.010831448,1.9944652,1.1710766e-06,0.3942131996154785
7.26,7.2314634,0.028536567687988068,0.028536567687988068,-2.2850716,0.008600135,1.0104234,1.1174754e-05,0.3930656706334445
57.0,57.214264,0.214263916015625,0.214263916015625,-2.2180526,0.0007233481,1.0001122,1.0464648e-06,0.3759016070449561
-12.0,-11.955691,0.04430866241455078,0.04430866241455078,-3.979346,0.024253065,2.3527207,2.7263231e-06,0.36923885345458984
-12.0,-11.957595,0.042405128479003906,0.042405128479003906,-4.0550594,0.012743205,2.2910395,1.207062e-06,0.3533760706583659
7.26,7.2344923,0.025507698059081818,0.025507698059081818,-2.6631157,0.0074994806,1.0180416,4.6209984e-06,0.351345703293138
32.0,31.888258,0.11174201965332031,0.11174201965332031,-2.616453,0.0011540274,1.2555426,1.0001777e-06,0.349193811416626
6.48,6.4574347,0.022565345764160583,0.022565345764160583,-3.422965,0.00471314,1.5114238,1.0178832e-06,0.34823064450865093
-91.0,-91.30936,0.309356689453125,0.309356689453125,-1.3701574,0.0030008277,1.0178941,2.446555e-05,0.33995240599244503
-16.0,-15.947461,0.05253887176513672,0.05253887176513672,-4.324418,0.024523554,3.0779152,1.7816442e-06,0.3283679485321045
45.0,44.85495,0.145050048828125,0.145050048828125,-2.2815058,0.00067986664,1.1146823,1.000048e-06,0.3223334418402778
-16.0,-15.948762,0.051238059997558594,0.051238059997558594,-4.3387265,0.024664257,3.1120472,1.7646814e-06,0.3202378749847412
-16.0,-15.950116,0.04988384246826172,0.04988384246826172,-4.3385973,0.024678493,3.1081388,1.7696559e-06,0.31177401542663574
-82.0,-81.74501,0.2549896240234375,0.2549896240234375,-1.5895813,0.0039016744,1.0279095,2.0730522e-05,0.3109629561261433
-39.0,-38.87881,0.12118911743164062,0.12118911743164062,-3.6195252,0.013839407,2.090658,2.6425282e-06,0.3107413267477965
32.0,31.908484,0.09151649475097656,0.09151649475097656,-2.6008806,0.0011301446,1.2404087,1.0001787e-06,0.28598904609680176
6.48,6.4981413,0.018141288757323792,0.018141288757323792,-3.4229198,0.004475964,1.5723568,1.0129628e-06,0.2799581598352437
-57.0,-56.84267,0.15732955932617188,0.15732955932617188,-3.3715196,0.0033766956,2.063626,1.0511696e-06,0.27601677074766995
27.0,27.07448,0.07448005676269531,0.07448005676269531,-2.761292,0.0013042451,1.4412556,1.0001598e-06,0.2758520620840567
-90.0,-89.75386,0.2461395263671875,0.2461395263671875,-2.5024781,0.0021733893,1.1163608,1.9761815e-06,0.2734883626302083
32.0,31.91464,0.08535957336425781,0.08535957336425781,-2.6272175,0.0011595078,1.2682362,1.0001702e-06,0.26674866676330566
-78.0,-77.79361,0.206390380859375,0.206390380859375,-2.8528852,0.0017650513,1.4367005,1.0595519e-06,0.2646030523838141
-35.0,-35.091995,0.0919952392578125,0.0919952392578125,-3.2705486,0.019255415,1.8321736,6.7680953e-06,0.26284354073660715
-56.0,-56.146015,0.14601516723632812,0.14601516723632812,-2.9226136,0.006714044,1.3030355,3.1945979e-06,0.26074137006487164
-18.0,-17.955341,0.044658660888671875,0.044658660888671875,-4.1748857,0.02118156,2.7047477,1.8624603e-06,0.24810367160373265
-80.0,-80.193695,0.193695068359375,0.193695068359375,-2.7038128,0.0030362997,1.2017179,2.0259165e-06,0.24211883544921875
-20.0,-19.952864,0.04713630676269531,0.04713630676269531,-3.7929587,0.020290842,2.1159194,2.9685875e-06,0.23568153381347656
-62.0,-61.8563,0.14369964599609375,0.14369964599609375,-3.330135,0.0031806787,1.9905348,1.0569303e-06,0.23177362257434475
-15.0,-14.966727,0.033272743225097656,0.033272743225097656,-4.3355656,0.023312805,3.0236354,1.6889105e-06,0.22181828816731772
-56.0,-56.1226,0.12260055541992188,0.12260055541992188,-3.2909186,0.0059288978,1.5740565,1.6609486e-06,0.2189295632498605
-56.0,-56.11807,0.11806869506835938,0.11806869506835938,-3.2966383,0.005913929,1.578263,1.648579e-06,0.21083695547921316
-16.0,-15.967221,0.03277873992919922,0.03277873992919922,-4.295968,0.025965676,3.008548,2.0251427e-06,0.20486712455749512
-28.0,-28.055803,0.05580329895019531,0.05580329895019531,-4.062929,0.023585184,2.8458376,2.7133492e-06,0.19929749625069754
-12.0,-11.976302,0.023697853088378906,0.023697853088378906,-4.0110483,0.01402419,2.129362,1.3593262e-06,0.19748210906982422
7.26,7.2741575,0.014157524108886932,0.014157524108886932,-2.6893194,0.0072765304,1.01796,4.257375e-06,0.195007219130674
-56.0,-55.896538,0.10346221923828125,0.10346221923828125,-3.4372396,0.005009049,1.8052299,1.2320241e-06,0.18475396292550222
-16.0,-15.971408,0.02859210968017578,0.02859210968017578,-4.336035,0.025275812,3.072729,1.8703321e-06,0.17870068550109863
-76.0,-76.133575,0.133575439453125,0.133575439453125,-2.6906004,0.0039940868,1.1982177,2.7914712e-06,0.17575715717516446
-87.0,-87.14928,0.1492767333984375,0.1492767333984375,-2.6682744,0.0021724976,1.174923,1.5470371e-06,0.17158245218211207
45.0,45.075684,0.07568359375,0.07568359375,-2.320478,0.0007726626,1.0630758,1.0001368e-06,0.1681857638888889
-86.0,-85.858536,0.1414642333984375,0.1414642333984375,-2.121813,0.0031575146,1.0694261,6.083779e-06,0.16449329464934592
-8.0,-8.013143,0.013142585754394531,0.013142585754394531,-3.9566252,0.010404214,2.1147275,1.1255634e-06,0.16428232192993164
6.48,6.4695196,0.010480384826660583,0.010480384826660583,-3.4229467,0.004681344,1.517065,1.0172303e-06,0.16173433374476207
-68.0,-67.900696,0.09930419921875,0.09930419921875,-3.1362355,0.0021214662,1.8788854,1.0239479e-06,0.14603558708639705
-62.0,-61.91014,0.0898590087890625,0.0898590087890625,-3.3395517,0.0030956578,1.9857028,1.0526783e-06,0.1449338851436492
-37.0,-37.050274,0.050273895263671875,0.050273895263671875,-3.5330286,0.016302945,2.00388,3.8113908e-06,0.13587539260451859
-62.0,-61.93553,0.0644683837890625,0.0644683837890625,-2.8513474,0.0046729404,1.2077736,2.4223389e-06,0.10398126417590726
-30.0,-29.96904,0.0309600830078125,0.0309600830078125,-4.288007,0.018319944,3.181343,1.5582384e-06,0.10320027669270833
-35.0,-35.032433,0.03243255615234375,0.03243255615234375,-3.3591723,0.018920291,1.8876827,5.8922924e-06,0.09266444614955358
-65.0,-65.0317,0.03170013427734375,0.03170013427734375,-3.2893202,0.003977781,1.643311,1.2354776e-06,0.048769437349759616
32.0,32.01358,0.013580322265625,0.013580322265625,-2.642423,0.001084304,1.369397,1.0000924e-06,0.042438507080078125
7.26,7.261386,0.001385917663574432,0.001385917663574432,-2.4287443,0.008296816,1.0130899,8.120374e-06,0.019089774980364075
18.0,17.997374,0.0026264190673828125,0.0026264190673828125,-3.0363739,0.0023636944,1.382821,1.0017885e-06,0.014591217041015625
